text,,,,,,,,,,,,,,,,,,,,
"Love you, Mamba. #RIPKobe https://t.co/5yOHhU8d7c",,,,,,,,,,,,,,,,,,,,
I'm watching Kobe's final game. I know exactly what happens because I watched it as it happened $ have seen it multâ€¦ https://t.co/YP9ks1IIxx ,,,,,,,,,,,,,,,,,,,,
Watching Kobe's Farewell game and I'm still getting chill's...! #Mamba #RIPKobe,,,,,,,,,,,,,,,,,,,,
"Bro, one thing about Kobe.....he ALWAYS had that swag. Iykyk ğŸ’¯ğŸ€ #RIPKobe #HOF",,,,,,,,,,,,,,,,,,,,
"Kobe, Duncan and Garnett what a HOF class!!! Legends!! #kobe #kg #duncan #nbahalloffame #halloffame #goatsğŸâ€¦ https://t.co/9VSFWY5vab",,,,,,,,,,,,,,,,,,,,
"Smiling from above on us. ğŸ˜” 
Welcome to the Hall of Fame, Kob Kob. Never knew it would happen this. Keep looking doâ€¦ https://t.co/QBx2dB3mfd",,,,,,,,,,,,,,,,,,,,
"My dad and I jumped from our couch with joy when he made this. Thanks for bringing joy to my childhood, Kobe. 1st Bâ€¦ https://t.co/PNfRRJI6Oc",,,,,,,,,,,,,,,,,,,,
"Kobe ""Bean"" Bryant makes it into the Hall of Fame... But in a way it's sad and not that there is gonna be no audienâ€¦ https://t.co/ZGf3PXG060",,,,,,,,,,,,,,,,,,,,
â¤ğŸ™ğŸ½ğŸ˜¢ The last two-and-a-half months has been a complete nightmare for Vanessa and her her family. #RIPKobe #RIPGigiâ€¦ https://t.co/n2QLGTs3M0,,,,,,,,,,,,,,,,,,,,
Vanessa is a strong woman. â¤ #RIPKobe #RIPGIGI https://t.co/qmpsWXsnT1,,,,,,,,,,,,,,,,,,,,
KOBE BEAN BRYANT HALL OF FAMER #RIPKOBE ğŸ™ŒğŸ½ğŸğŸ™ğŸ¾ğŸğŸ’œğŸ’›ğŸ’”ğŸ™ğŸ¾,,,,,,,,,,,,,,,,,,,,
#Gamesix on abc #letsgoceltics #2008 #celticsvslakers #bigticket  #thetruth #rayallen #ripkobe https://t.co/RuN2AGNYAr,,,,,,,,,,,,,,,,,,,,
We MISS you @kobebryant #RIPKobe #HOF ğŸ˜¢ğŸ¥ºğŸ™ğŸ½ğŸğŸ€ğŸ•Š,,,,,,,,,,,,,,,,,,,,
Vanessa and Natalia Bryant joined Rece Davis to give their thoughts on Kobe's induction into the Basketball Hall ofâ€¦ https://t.co/UcVkxcprJY,,,,,,,,,,,,,,,,,,,,
Welcome to the Basketball Hall of Fame Kobe ğŸ†ğŸ†ğŸ†ğŸ†ğŸ†#20HoopClass #LakeShow #RIPKobe https://t.co/hrLRFqHh1J,,,,,,,,,,,,,,,,,,,,
"What a bittersweet day, but still unbelievable stoked to call him a Hall of Famer officially. I would give anythingâ€¦ https://t.co/vbEwcyFzv4",,,,,,,,,,,,,,,,,,,,
"I thought I was done crying ğŸ˜”ğŸ’”
True Greatness ğŸ 
#ripkobe #ripgigi https://t.co/j7Zes00IGA",,,,,,,,,,,,,,,,,,,,
"2001 @SHAQ in the NBA finals vs. Sixers was UNSTOPPABLE! They threw everybody at him too! Mutombo, Geiger, Tyrone Hâ€¦ https://t.co/RANKc5zoAz",,,,,,,,,,,,,,,,,,,,
Latest NBA Hall of Famer #ripKobe #KH3320 https://t.co/EQ0J31MICf,,,,,,,,,,,,,,,,,,,,
"@SportsCenter What a class so far, grew up watching all of these guys playing basketball. #RIPKobe Well deserved to all 3 of them. ğŸ‘ğŸ¾ğŸ‘ğŸ¾ğŸ‘ğŸ¾",,,,,,,,,,,,,,,,,,,,
Dam this hof video got me in the feelsğŸ˜ª #ripkobe,,,,,,,,,,,,,,,,,,,,
"ABC, ESPN... Had I known that this was the replay for the day, I wouldn't have tuned in. I'm still hurting over Kobâ€¦ https://t.co/RnOq4bIleI",,,,,,,,,,,,,,,,,,,,
"@espn Kobe Bryant AR Bust! Hall of Fame - Congrats Kobe

Comment: ""Kobe"" to Try Yourself

#kobe #kobebryant #ripâ€¦ https://t.co/QIb5QGGdiI",,,,,,,,,,,,,,,,,,,,
"@Hoophall @NBA @NBAHistory @Lakers Kobe Bryant AR Bust! Hall of Fame - Congrats Kobe

Comment: ""Kobe"" to Try Yourseâ€¦ https://t.co/ihz2FHF3mx",,,,,,,,,,,,,,,,,,,,
"@Lakers Kobe Bryant AR Bust! Hall of Fame - Congrats Kobe

Comment: ""Kobe"" to Try Yourself

#kobe #kobebryant #ripâ€¦ https://t.co/Jc15cXLdrC",,,,,,,,,,,,,,,,,,,,
"@Lakers Kobe Bryant AR Bust! Hall of Fame - Congrats Kobe

Comment: ""Kobe"" to Try Yourself

#kobe #kobebryant #ripâ€¦ https://t.co/SJJE4ZhCiw",,,,,,,,,,,,,,,,,,,,
"Kobe Bryant AR Bust! Hall of Fame - Congrats Kobe

Comment: ""Kobe"" to Try Yourself

#kobe #kobebryant #rip #ripkobeâ€¦ https://t.co/zQmx1z07zX",,,,,,,,,,,,,,,,,,,,
"Kobe's final game is on ESPN right now..Water usually doesn't promote these other networks, but if you respect yourâ€¦ https://t.co/7r88CjIcxz",,,,,,,,,,,,,,,,,,,,
@Lakers Wish he could be here to see this... One of the reasons I started watching basketball #ripkobe,,,,,,,,,,,,,,,,,,,,
Congrats to the late great Kobe Bryant!! We all knew it was happening but we wish you was here to celebrate it with us!! #HOF #RIPKobe ğŸ’œğŸ’›ğŸ™ğŸ¾,,,,,,,,,,,,,,,,,,,,
"Well deserved. Still hurts my heart. Still shedding tears. My favorite athlete of all time is really gone! ğŸ’”

Contiâ€¦ https://t.co/52F69RboVB",,,,,,,,,,,,,,,,,,,,
Hall of Famer. The ğŸ @kobebryant #RIPKobeğŸ™ğŸ½,,,,,,,,,,,,,,,,,,,,
...@espn set me back a couple months! #RIPKobe,,,,,,,,,,,,,,,,,,,,
I was looking forward too his HOF speech ğŸ˜­ğŸ˜­ğŸ˜­ğŸ˜­ #RIPKOBE #MAMBAIN https://t.co/5i6nTGhUVd,,,,,,,,,,,,,,,,,,,,
"Shit ain't fair, Kobe deserved to live this moment and enjoy it. All his hard work and dedication to the game and hâ€¦ https://t.co/nPmWEopuZi",,,,,,,,,,,,,,,,,,,,
Just watched Vannesa's interview and totally lost it. ğŸ˜ªğŸ˜ªğŸ˜ª #ripkobe #HOF,,,,,,,,,,,,,,,,,,,,
Congratulations KOBE! It's been a long time coming. You deserve this! Miss you always MambağŸ™ğŸ½ #RIPKOBE ğŸ† https://t.co/88yO1ffXua,,,,,,,,,,,,,,,,,,,,
@Kassting He truly was my hero! A father figure when I didn't have one! #RIPKobe ğŸ’›ğŸ’œ,,,,,,,,,,,,,,,,,,,,
"#KobeBryant - 2020 Basketball Hall of Fame inductee 

#RIPKobe https://t.co/PI0DP3RyKn",,,,,,,,,,,,,,,,,,,,
So happy that Kobe was inducted into the hall of fame! But not hearing his HOF speech feels like we got robbed #RIPKOBE,,,,,,,,,,,,,,,,,,,,
This gone hurt without that Kobe speechğŸ˜­ #RIPKOBE https://t.co/E3rTM2krk0,,,,,,,,,,,,,,,,,,,,
"@Lakers #Kobe deserves it, he was a true legend #RIPKobeBryant #RIPKobe",,,,,,,,,,,,,,,,,,,,
"God gave us one month to mourn Kobe then the #COVID19Pandemic took over. Such is life, it goes on! #RIPKobeğŸŒ¹",,,,,,,,,,,,,,,,,,,,
"Hey @kobebryant â€¢ 
Welcome to the Hall ğŸ€ 
.
.
#kobebryant #kobe #kobeandgigi #nbahalloffame #ripkobe #kobemural Murâ€¦ https://t.co/gf5rpWwg25",,,,,,,,,,,,,,,,,,,,
I was really looking forward to hearing Kobe's Hall of Fame speech #ripkobe,,,,,,,,,,,,,,,,,,,,
"Hey @kobebryant â€¢ 
Welcome to the Hall ğŸ€ 
.
.
#kobebryant #kobe #kobeandgigi #nbahalloffame #ripkobe #kobemural @ Lâ€¦ https://t.co/aFNbt3vDdQ",,,,,,,,,,,,,,,,,,,,
"@Polo_Capalot Tribute ""24"" #kobebryant ğŸ€ğŸ•ŠğŸ—£ğŸ™ğŸ¾ #ripkobebryant #ripkobeğŸ•Š @ Kobe Bryant's Legacy 8/24 https://t.co/xEPMKHmEyw",,,,,,,,,,,,,,,,,,,,
"A reminder that a lifetime of events have happened in just a few short weeks. 

If you are feeling a bit of emotionâ€¦ https://t.co/jkjkKNnufu",,,,,,,,,,,,,,,,,,,,
#VanessaBryant &amp; #NataliaBryant speak on #KobeBryant's induction into the Basketball Hall of Fame. #ripkobeâ€¦ https://t.co/muUTKLNgJd,,,,,,,,,,,,,,,,,,,,
Whatever you say about Kobe one thing is clear; he was a loving family man. His wife and children seem to hold himâ€¦ https://t.co/g6ZRbrFzVA,,,,,,,,,,,,,,,,,,,,
"Knowing how Kobe was always working hard and planning ahead, a part of me feel like somewhere he already got a rougâ€¦ https://t.co/a9CDAWol7U",,,,,,,,,,,,,,,,,,,,
"Sometimes, you can't get a full grasp on greatness until greatness is gone. #RIPKobe https://t.co/ov6DGRnMZ9",,,,,,,,,,,,,,,,,,,,
@SInow @edeweysmith The Black Mamba https://t.co/OWTeBm0F4z #HiF #RIPKobe,,,,,,,,,,,,,,,,,,,,
@SportsCenter Both Kobe and GiGi had so much more to offer in life. #RipKobe #RipGiGI #MambaForever #MambaMentality https://t.co/vINLVTCiO6,,,,,,,,,,,,,,,,,,,,
Congrats to the G.O.A.T.!!! #RIPKobe ğŸ˜ğŸ‘¼ğŸ½ğŸ™ğŸ½ğŸ˜‡ğŸğŸ’œğŸ’› https://t.co/jspehne8aT,,,,,,,,,,,,,,,,,,,,
@SportsCenter Greatness https://t.co/OWTeBm0F4z #Kobe #RIPKobe #HOF,,,,,,,,,,,,,,,,,,,,
@espn Kobe enters the Hall of Fame  https://t.co/OWTeBm0F4z #HOF #RIPKObe,,,,,,,,,,,,,,,,,,,,
@SportsCenter Kobe to the Hall of Fame https://t.co/OWTeBm0F4z #HOF #RIPKobe,,,,,,,,,,,,,,,,,,,,
@TwitterMoments @Hoophall A Legend https://t.co/OWTeBm0F4z #HOF #RIPKobe,,,,,,,,,,,,,,,,,,,,
"Congrats to Kobe, KG, TD, and Catchings on going to the Hall. Was blessed to watch and follow their entire career.â€¦ https://t.co/QWWccAfJpI",,,,,,,,,,,,,,,,,,,,
@espn Still A Legend https://t.co/ao8tSVf7mZ #RIPKobe #HOF,,,,,,,,,,,,,,,,,,,,
"Still can't believe my favorite athlete ever is gone, I'm fucking devastated man, I can't imagine how his family feâ€¦ https://t.co/vXogcbxiID",,,,,,,,,,,,,,,,,,,,
My God ğŸ¥ºğŸ’”ğŸ™ğŸ½ This still hurts!! But she is such a strong woman! ğŸ™ğŸ½ #RIPKobe ğŸ’›ğŸ’œğŸ•Š https://t.co/aW8IPF28eW,,,,,,,,,,,,,,,,,,,,
#KobeBryant has officially been inducted into the Basketball Hall of Fame class of 2020 ğŸ™ğŸ¾ğŸğŸ† #ripkobe https://t.co/ooRAN6hFye,,,,,,,,,,,,,,,,,,,,
"What a trio to be inducted together. #RIPKobe ""Kobe Bryant, Tim Duncan, Kevin Garnett elected to Basketball Hall ofâ€¦ https://t.co/f9k9UhDGq1",,,,,,,,,,,,,,,,,,,,
What an amazing class. #MambaForever #MissyouMan #RipKobe #RipGiGi 24ğŸ’›2ğŸ’œğŸ https://t.co/Y8E43fRd0F,,,,,,,,,,,,,,,,,,,,
Hall Of Fame Mamba!!! @kobebryant congrats legend all your hard work paid off #RIPKobe #MambaForever,,,,,,,,,,,,,,,,,,,,
Kobe Bryant is officially in the Hall of Fame ğŸ¥ºğŸ˜¢ğŸ™ğŸ»ğŸ•ŠğŸ•Š #RipKobe https://t.co/rM9Bx8PQcs,,,,,,,,,,,,,,,,,,,,
Seeing Vanessa and Natalia on ESPN this morning just broke my heart. Still so sad #RIPKOBE,,,,,,,,,,,,,,,,,,,,
Es oficial Kobe Bryant #HallOfFamer #NBA #Lakers #LakeShow #BlackMamba #MambaMentality #MambaForever #RIPKobe https://t.co/GPH5ZdvGEX,,,,,,,,,,,,,,,,,,,,
Congrats to the new #NBA @Hoophall Inductees! #RIPKobe #Lakers #Spurs #KevinGarnett https://t.co/MwaHZMIiHE,,,,,,,,,,,,,,,,,,,,
Shout Out The 2020 NBA Hall of Fame Class #RipKobe,,,,,,,,,,,,,,,,,,,,
@espn We're all proud of him and the legacy he left behind. ğŸ˜” #RIPKobe ğŸ’›ğŸ’œ,,,,,,,,,,,,,,,,,,,,
@kobebryant is officially a Hall Of Famer ğŸ’›ğŸ’œ #RIPKobe #DTOSports #LakeShow  https://t.co/H8TdFpxF38,,,,,,,,,,,,,,,,,,,,
Kobe's speech was gonna be one for the history books. #RIPKobe https://t.co/cmwTV7LHak,,,,,,,,,,,,,,,,,,,,
"Sad that we won't be able to hear his speech though.

Still can't believe he's actually gone. #RIPKobe https://t.co/Mw5r1L6DiA",,,,,,,,,,,,,,,,,,,,
Congratulations Kobe! We miss you! #MambaForever ğŸ #RIPKobe https://t.co/J37y6on1fE,,,,,,,,,,,,,,,,,,,,
"Top 5-ish best ever. Kobe's speech would've been epic.

When players are honored to join the best ever, they're talâ€¦ https://t.co/Mm2Lf10xDg",,,,,,,,,,,,,,,,,,,,
Best hall of fame class #ripkobe â¤ï¸,,,,,,,,,,,,,,,,,,,,
"#MambaForever: So ğŸ¤” cometh the day, the hour, the minute, a piece of me is going to die again, ğŸ¤”ğŸ’”ğŸ€â›¹ğŸ¿â€â™‚ï¸, #RIPKobe,â€¦ https://t.co/Mh2Nlfb1u0",,,,,,,,,,,,,,,,,,,,
"Bittersweet, but congratulations and #ripkobe  ğŸ™ğŸ¼ https://t.co/T7y2oa4ivz",,,,,,,,,,,,,,,,,,,,
"@ESPNNBA Congrats, #ripkobe",,,,,,,,,,,,,,,,,,,,
"Kobe was supposed to go into the HALL OF FAME today, #ripkobe",,,,,,,,,,,,,,,,,,,,
You know you're getting up there in age when all the sports players you grew up watching as a kid get into the Hallâ€¦ https://t.co/AoOYlK94rK,,,,,,,,,,,,,,,,,,,,
This year has been awful. This news brings a smile to my face. #MambaMentality #ripkobe #congratskobe https://t.co/aryeo1z699,,,,,,,,,,,,,,,,,,,,
Special day for the Bryant family #RIPKobe #RIPGigi,,,,,,,,,,,,,,,,,,,,
"It's too early to be this sad 
#RipKobe â¤ï¸",,,,,,,,,,,,,,,,,,,,
immortalized. Thank you for inspiring millions @kobebryant. #ripkobe #ripgigi ğŸ•ŠğŸ™ğŸ½ https://t.co/iWctKStfSD,,,,,,,,,,,,,,,,,,,,
Congrats Kobe! New Basketball Hall of Famer. #RIPKobe #MambaForever #LakerNation https://t.co/RpiWHYDh1u,,,,,,,,,,,,,,,,,,,,
"Kobe Bean Bryant, Basketball ğŸ€ Hall of Famer. #RIPKOBE",,,,,,,,,,,,,,,,,,,,
Yeaaaah Kobe Bean #RIPKobe #HOF https://t.co/duHLl3U1kn,,,,,,,,,,,,,,,,,,,,
"#ripKobe. KG. Tim Duncan. 

Three legendary careers, and now, they're Hall of Famers.",,,,,,,,,,,,,,,,,,,,
@ESPNNBA Love this class. #RIPKOBE,,,,,,,,,,,,,,,,,,,,
REST WELL KOBE YOUVE DONE IT ALL NOW ! ğŸğŸ˜”ğŸ™ğŸ¾ğŸ™‡ğŸ½ #RIPKobe https://t.co/Iybz4uP7TJ,,,,,,,,,,,,,,,,,,,,
@Lakers Now I'm sad again #ripKobe https://t.co/gjitTwvn95,,,,,,,,,,,,,,,,,,,,
"Official: Kobe, Duncan, KG: First ballot Hall of Famers in Class of 2020!

#RIPKobe #NBAHallOfFame",,,,,,,,,,,,,,,,,,,,
No more deserving trio for the HOF! #nbahalloffame #nbanews #timduncan #kevingarnett #KobeBryant #ripkobeâ€¦ https://t.co/LOOF1Hys0D,,,,,,,,,,,,,,,,,,,,
@scott_pianowski Magic for me. Made every teammate better at all times. #ripkobe,,,,,,,,,,,,,,,,,,,,
"Kobe Bryant tribute by 13y.o boy Jad #KobeBryant #VanessaBryant https://t.co/lskxJOYu2p 
@kobebryant @NBAâ€¦ https://t.co/g04gW7k21n",,,,,,,,,,,,,,,,,,,,
""" Man The Year 2020 Is Super Trash! ""

#AustraliaWildfires #RIPKobe #DonaldTrumpIsSuperTrash #Covid19 #CoronaVirus #BadEconomy",,,,,,,,,,,,,,,,,,,,
@paugasol @GasolFoundation Thank you for 3 straight Finals appearances and 2 Finals wins 2008-2010 appreciate yourâ€¦ https://t.co/FhJTGZyMXu,,,,,,,,,,,,,,,,,,,,
Can't wait to hear my favorite basketball player get inducted into the Hall of Fame today #RIPKOBE #MambaMentalityğŸ https://t.co/8FwmHipE5o,,,,,,,,,,,,,,,,,,,,
"Today, @kobebryant will offically be announced into the @Hoophall !  #RIPKobe ğŸ˜¢",,,,,,,,,,,,,,,,,,,,
"Kobe Bryant Draft Jersey 
Add Thrillythrowbacks on Instagram DM us!-
  https://t.co/JqwNP7RxkJâ€¦
#KobeBryant #Kobeâ€¦ https://t.co/Sdb4Is4UFT",,,,,,,,,,,,,,,,,,,,
Can't believe it's been 5 years since Kobe died. #RIPkobe #COVID19,,,,,,,,,,,,,,,,,,,,
"Kobe Bryant Tribute (Bets plays of all time in NBA history)
https://t.co/6KnSol9UCV
#nba #kobe #KobeBryantâ€¦ https://t.co/BAZRA5eQPx",,,,,,,,,,,,,,,,,,,,
"January=Kobe x Ashraf Sinclair
February-March=Corona fucking virus
April=This fucking work looks like venom
Whats nâ€¦ https://t.co/dXDQzpT0Mg",,,,,,,,,,,,,,,,,,,,
"#TROPHYğŸ† Now Streaming Everywhere

ğŸ†https://t.co/IceeJ9VtLiğŸ†

#RIPKOBEğŸ’œ #FAUXRMG #FAUXEVER https://t.co/LKQ9gS4uYU",,,,,,,,,,,,,,,,,,,,
#kobebryant #kevingarnett and #timduncan wi he inducted into the hall of fame ğŸ’¯ #ripkobe https://t.co/ry3bC0KZHL,,,,,,,,,,,,,,,,,,,,
R.I.P Nipsey &amp; Kobe! ğŸ™ğŸ½ğŸ’” #RIPKobe #ripnipseyhussle https://t.co/Bo6jOYWdah,,,,,,,,,,,,,,,,,,,,
Inside look at the weekend paper. #ripkobe #ripkobebryant #kevingarnett #timduncan #basketballhalloffameâ€¦ https://t.co/vvV48DMYGq,,,,,,,,,,,,,,,,,,,,
"Congrats to the 3 icons of the late 90s/2000s. The Big Ticket, The Big Fundamental, and of course the Black Mamba aâ€¦ https://t.co/n6RWeak3sq",,,,,,,,,,,,,,,,,,,,
"new song ! 
#rap #trap #trending #coronavirus #quarantine #ripkobe #newmusic #music #upcomingrapperâ€¦ https://t.co/UnGM3xB6lm",,,,,,,,,,,,,,,,,,,,
"from the album ! 
#rap #trap #trending #coronavirus #quarantine #ripkobe #newmusic #music #upcomingrapperâ€¦ https://t.co/w1bpGOwn6Y",,,,,,,,,,,,,,,,,,,,
@LakerGangDay I know right lol the world gonna hate on is so bad #RIPKOBE,,,,,,,,,,,,,,,,,,,,
Run this town #RIPKOBE #RIPGIGI #PS4share https://t.co/87QQk8hswU,,,,,,,,,,,,,,,,,,,,
Every couple of days I think of Kobe and Gigi and it's wild that is a reality. #ripkobe,,,,,,,,,,,,,,,,,,,,
"In our hearts, on our minds â¤ï¸ğŸ™ğŸ¾ #RipKobe https://t.co/jSeQl77Ltq",,,,,,,,,,,,,,,,,,,,
Nice touch @Drake adding Kobe #24/#8 jersey to your new music video #RIPKobe,,,,,,,,,,,,,,,,,,,,
"Forever Mamba ğŸğŸğŸ
Always Winning #RIPKobE https://t.co/AarX8OuF2L",,,,,,,,,,,,,,,,,,,,
My favorite Laker off all time. #RIPKobe https://t.co/t2FCj24SU6,,,,,,,,,,,,,,,,,,,,
I love the #toosieslide and #drake mansion but this was honestly one of the best things of the video #RIPKobeBryantâ€¦ https://t.co/bHJYTMv0es,,,,,,,,,,,,,,,,,,,,
"â€œKobe my nigga I hate it had to be him.â€ 

Still can't believe we lost a legend. #RIPKobe https://t.co/OZcEvqmmR8",,,,,,,,,,,,,,,,,,,,
Shot my shot @ all the moms out there in Facebook by giving them an @ home workout plan! #RIPKOBE #healthiswealth aâ€¦ https://t.co/5YFz5JlktX,,,,,,,,,,,,,,,,,,,,
"@musicfanatic07 Every fuckin day lol 
#ripkobe",,,,,,,,,,,,,,,,,,,,
@43leadfake My guy since Fair Park ! Happy 24 ! #RIPKOBE,,,,,,,,,,,,,,,,,,,,
That's great but sad because Kobe died before his HOF induction. #RIPKobe #MambaForever https://t.co/zN4fJnGBUh,,,,,,,,,,,,,,,,,,,,
"I always considered Kobe Bryant as the best of all time because he was growing up for my generation.
#RipKobe *NFS* https://t.co/lofu71VuEt",,,,,,,,,,,,,,,,,,,,
We will never hear Kobe's HOF speech #RIPKobe https://t.co/L3LrIIBcAc,,,,,,,,,,,,,,,,,,,,
After being sold out for so long on Amazon I finally was able to cop. #MambaMentality #RIPKobe https://t.co/t3q5QgHs5N,,,,,,,,,,,,,,,,,,,,
So excited that Kobe is officially getting elected to the HOF but sad af because my uncle cousin and brother were pâ€¦ https://t.co/fObsyZXCkf,,,,,,,,,,,,,,,,,,,,
"@KevinFrazier yo Kevin, where can I get that Kobe shirt that you wore under your sports coat on air? #RIPKobe ##RIPGiGi",,,,,,,,,,,,,,,,,,,,
"Every time I see this picture, it means a little more. To the best mentor, happy birthday bro love ya. #ripKobeâ€¦ https://t.co/BM4nIJkcWc",,,,,,,,,,,,,,,,,,,,
Playing at the Staples Center and seeing Kobe's jerseys in the rafters throws me off every timeğŸ™ğŸ½ğŸ™ğŸ½ #ripkobe,,,,,,,,,,,,,,,,,,,,
Our babies are clutch ğŸ”¥ğŸ”¥ğŸ”¥ #ripkobe #ripgigi https://t.co/rbX1s1lcwx,,,,,,,,,,,,,,,,,,,,
I'm ready for the #LakeShow to come back!ğŸ’œğŸ’› #LAKERS #RIPKOBE ğŸ’Ÿ https://t.co/xubSp83qWE,,,,,,,,,,,,,,,,,,,,
Hell of a class. #RIPKobe https://t.co/FxXtp7MJGy,,,,,,,,,,,,,,,,,,,,
"This honor for @kobebryant was long overdue and well deserved! 

Kobe Bean Bryant, Hall Of Fame, MVP, Oscar winner,â€¦ https://t.co/phuY9x34zl",,,,,,,,,,,,,,,,,,,,
.@Drake pays respect to Kobe ğŸ’›ğŸ’œ with 2 jerseys on his table in his latest video for #ToosieSlide #RIPKobe #LakeShow https://t.co/Z6q9nWqARI,,,,,,,,,,,,,,,,,,,,
"I think Kobe's HOF speech would've been the most memorable in the history of the NBA HOF (for the right reasons) 
Nâ€¦ https://t.co/QvIPAgAIFo",,,,,,,,,,,,,,,,,,,,
Yessir @Ronnie2K @NBA2K #RIPKOBE https://t.co/cjCN2cXVfm,,,,,,,,,,,,,,,,,,,,
I pray Kobe wrote his HOF speech and Vanessa reads itğŸ¤ğŸ¾ The world needs it #RIPKobe #LakeShow,,,,,,,,,,,,,,,,,,,,
GAMES WITH HOMIES #KOUHAIGANG #RIPKOBE&amp;GIGI https://t.co/xvVEMtkUiU,,,,,,,,,,,,,,,,,,,,
"Kobe Bryant Draft Jersey 
Add Thrillythrowbacks on Instagram DM us!-
  https://t.co/gG3tlXeO7Y
#KobeBryant #Kobeâ€¦ https://t.co/AKO2lSWURP",,,,,,,,,,,,,,,,,,,,
Why did I just break out in tears ğŸ˜­. #ripKobe https://t.co/8OarMwcvex,,,,,,,,,,,,,,,,,,,,
They'll never be another. #RIPKobe #LakerNation https://t.co/7YepQ0DC7c,,,,,,,,,,,,,,,,,,,,
"Greatest. Class. Ever. I'm still deeply saddened my favorite player of all time won't be here for this. Miss you, Kâ€¦ https://t.co/q1I4glm5cI",,,,,,,,,,,,,,,,,,,,
@ShamsCharania @Hoophall @TheAthleticNBA @Stadium Legends! #RIPKobe #Bigticket https://t.co/DH59cLBvto,,,,,,,,,,,,,,,,,,,,
Timmy ğŸ–ğŸ¾ #ripkobe ğŸğŸ https://t.co/cm1m6urLpn,,,,,,,,,,,,,,,,,,,,
"Though knowing that fact we will not hear Kobe's HOF speech, absolutely breaks my heart ğŸ˜­ğŸ˜­ğŸ˜­ #RIPKobe",,,,,,,,,,,,,,,,,,,,
Kobe Bryant will be inducted into the Hall of Fame!!!!!!!!! #RIPKobe #MambaForever #MambaMentality #HallofFameMamba,,,,,,,,,,,,,,,,,,,,
@ShamsCharania @Hoophall @TheAthleticNBA @Stadium It's going to be hard to watch for us @Lakers fans #RIPKOBEğŸ™ğŸ¾,,,,,,,,,,,,,,,,,,,,
Such a dope HOF class . Wish Kobe was here to experience this .. ğŸ˜¢ #RIPKOBE https://t.co/8FDXOQkONZ,,,,,,,,,,,,,,,,,,,,
@LakersDoug1 Beautiful ğŸ’œ #RIPKobe,,,,,,,,,,,,,,,,,,,,
In Venice with itğŸŒ´â›…ï¸ #RIPKOBE #RIPGIGI ğŸ’›ğŸ’œ https://t.co/S0zgyGIIo1,,,,,,,,,,,,,,,,,,,,
He been banging that mf ğŸ˜‚ğŸ #RIPKobeğŸ’›ğŸ’œ https://t.co/QT7oOwgHwy,,,,,,,,,,,,,,,,,,,,
Brotherly â¤ï¸â¤ï¸â¤ï¸ #RIPGIANNA #RIPKOBE https://t.co/gMHVc9gJiM,,,,,,,,,,,,,,,,,,,,
"=32
Victory Lap Freestyle has 32 seconds of silence at the end, to pay respect to another great, Kobe Bryant...â€¦ https://t.co/eGukXjsJWE",,,,,,,,,,,,,,,,,,,,
"Just watched the Drake video...
When the camera moves over the Kobe jersey there is a Halo that comes out of it.
Iâ€¦ https://t.co/gYeBhnGOuw",,,,,,,,,,,,,,,,,,,,
Beautifully patched ğŸ’œğŸ’›ğŸâ™¾ #MambaForever #LakeShow #RIPKobe https://t.co/0wNxsOqDgJ,,,,,,,,,,,,,,,,,,,,
Oh no baby what is u doin ğŸ¦¶ #bodybagstic #2ktvwow #2kCommunity #2kfreeagent #2kcrewfinder #ripkobe ğŸğŸ https://t.co/69OxIZS3Oj,,,,,,,,,,,,,,,,,,,,
shooters shoot ğŸ˜ #ripkobe,,,,,,,,,,,,,,,,,,,,
I was going through my memories and found this.. it's so weird how much shit involving helicopters surrounded Kobe.â€¦ https://t.co/ktIMwoKs1B,,,,,,,,,,,,,,,,,,,,
4 years ago today I was at Staples Center watching the ğŸ go to work. He dropped 34 that night  #RIPKobe https://t.co/HyC6KNM92M,,,,,,,,,,,,,,,,,,,,
Just me or is 2020 the worst year? #2020 #coronavirus #2020 #ripkobe #everythingisbadnowaDAYS,,,,,,,,,,,,,,,,,,,,
@maxisnicee This is pure GOLD my dude!  #RIPKobe,,,,,,,,,,,,,,,,,,,,
"33,643..........got damn Kobe was getting buckets ğŸ”¥ğŸ”¥ğŸ”¥ğŸ”¥ #RIPKOBE",,,,,,,,,,,,,,,,,,,,
"Quote of the day, â€œ We all have self doubt. You don't deny it, but you also don't capitulate to it. You Embrace It.â€¦ https://t.co/kQLdJKf4a9",,,,,,,,,,,,,,,,,,,,
#drake tributes ğŸ™ğŸ½ğŸ‘‘ğŸ’«late legend/basketball player #kobebryant in his music videoğŸ¥ #toosieslide by showing his jerseâ€¦ https://t.co/dtLb9Abx5Z,,,,,,,,,,,,,,,,,,,,
@CBSPhilly its sinking in that the OLYMPICS hav been postponed to nxt yr.Was really lookin forward to it...Help turâ€¦ https://t.co/X84reWDbmo,,,,,,,,,,,,,,,,,,,,
Ouch!! Kobe's jerseys #ripkobe #tossieslide https://t.co/WVtzFXQ3Jj,,,,,,,,,,,,,,,,,,,,
Got to give man's respect for this. #ripkobe https://t.co/yjAx6XMRY1,,,,,,,,,,,,,,,,,,,,
#snippets to one of my #new #tracks #ballinlikekobe  from my #mixtape what yall think #vicwin87 #mrwinstonâ€¦ https://t.co/cUL4JV0spS,,,,,,,,,,,,,,,,,,,,
I suck at shooters #KOUHAIGANG #RIPKOBE&amp;GIGI https://t.co/xvVEMtkUiU,,,,,,,,,,,,,,,,,,,,
#Drake honors #KobeBryant in â€˜Toosie Slide' Music Video ğŸğŸ”¥ğŸ”¥ #ripkobe https://t.co/PJUnD8mGl4,,,,,,,,,,,,,,,,,,,,
Drake honors Kobe Bryant in â€˜Toosie Slide' Music Video ğŸğŸ”¥ğŸ”¥ #ripkobe https://t.co/ASsEfeNXiq,,,,,,,,,,,,,,,,,,,,
@XXL The halo over Kobe Jersey is cool as fuck #ripkobe,,,,,,,,,,,,,,,,,,,,
I'm selling a brand new pair of Nike Kobe Bryant Mamba Rage Premium sneakers in the red-black colorway in SZ 13 onâ€¦ https://t.co/MTdzh7xRyF,,,,,,,,,,,,,,,,,,,,
"Even 2-3 gotta love how I do me....
#RIPKobe ğŸ¤§ https://t.co/A2C2cQ3XUE",,,,,,,,,,,,,,,,,,,,
LETS GET BOOSTED #KOUHAIGANG #RIPKOBE&amp;GIGI https://t.co/xvVEMtkUiU,,,,,,,,,,,,,,,,,,,,
The best of the bestğŸ™ŒğŸ¼ğŸ€â€¼ï¸â€¼ï¸#BlackMamba #KobeBryant #ripkobe #ballin #TheBest https://t.co/O2fadUUZHL,,,,,,,,,,,,,,,,,,,,
Kobe&amp;Bron commission. 18x24in #RipKobe https://t.co/QWjWsOrNy8,,,,,,,,,,,,,,,,,,,,
"Is it just me or whenever I see Kobe I think to myself â€œhe still here, that boy immortal ğŸ˜‚ But when I see GiGi my hâ€¦ https://t.co/I3U8ylUHJI",,,,,,,,,,,,,,,,,,,,
This was just another day in the office for the GOAT. #RIPKOBE https://t.co/nwQfkWUkzi,,,,,,,,,,,,,,,,,,,,
@jaquan_swain @jumac15 @cidthekid824 @Hayden97336681 @espn Mamba mentality.  I see you.  #RipKobe,,,,,,,,,,,,,,,,,,,,
KOBE FOR 3 BABY #BUCKETS #ripkobe https://t.co/m23mOSh9R1,,,,,,,,,,,,,,,,,,,,
"NBA Jersey collection PT. 1
Kobe Bryant # 8 and # 24
I've acquired these jersey in late 2019 with the white jerseyâ€¦ https://t.co/1cHH93QPCG",,,,,,,,,,,,,,,,,,,,
Little quarantine treat for myself. â˜ºï¸ #ripkobe https://t.co/poDNQP6DvX,,,,,,,,,,,,,,,,,,,,
This 7 game series was amazing but they'd never interview someone from both teams after a game 7 like this. I don'tâ€¦ https://t.co/Ni80mG5oet,,,,,,,,,,,,,,,,,,,,
"To be honest, I can't even think about #COVID19 I'm still not over @kobebryant dying #ripkobe #MambaForever",,,,,,,,,,,,,,,,,,,,
I'm selling a brand new pair of Nike Kobe Bryant AD NXT FF sneakers in the off noir-clear colorway in SZ 11 on eBayâ€¦ https://t.co/baVSICwT3L,,,,,,,,,,,,,,,,,,,,
I'm selling a brand new pair of Nike Kobe Bryant AD NXT FF sneakers in the multi-color white colorway in SZ 12 on eâ€¦ https://t.co/jEn5oYE8Lq,,,,,,,,,,,,,,,,,,,,
"Kobe left us only two months ago, but it might as well be an eternity. ğŸ€ğŸ™ğŸ¼

(This mural is gone now. Mr. Brainwashâ€¦ https://t.co/4EJdXp7tr5",,,,,,,,,,,,,,,,,,,,
"reflect the name, deflect the pain ğŸ˜”
#ripkobe https://t.co/d1M9BVgCr0",,,,,,,,,,,,,,,,,,,,
"PLZ WATCH MY VIDEO. #RIPKOBE #PS4share

https://t.co/AhogQhmazA https://t.co/BKBMhl7yu4",,,,,,,,,,,,,,,,,,,,
Kobe out there tripping #RipKobe https://t.co/2TowJtVy9T,,,,,,,,,,,,,,,,,,,,
"@RP3natural @KendrickPerkins Duncan took less money, while Garnett took all the money... and Duncan has more accolaâ€¦ https://t.co/zyi3mZeVjT",,,,,,,,,,,,,,,,,,,,
"Repost tracerplus
by media.repost:
#newyork #lakersnation #kobeforever #gigi #kingjames #ripkobe #lakers4life #24â€¦ https://t.co/MLfaPsj34l",,,,,,,,,,,,,,,,,,,,
The closes person to Jordan and my ğŸ. #RIPKobe https://t.co/MJOPAqGMfT,,,,,,,,,,,,,,,,,,,,
It's so weird you can despise someone so bad but then their gone and you have thought about them every single day aâ€¦ https://t.co/0LpvMULuYR,,,,,,,,,,,,,,,,,,,,
"@FinishLine I remember how bad I wanted these even though I didn't like adidas just for Kobe, and a surprise mall tâ€¦ https://t.co/v6EoZ2rQzb",,,,,,,,,,,,,,,,,,,,
Paying tribute to the legendary Black Mamba today ğŸğŸğŸ’œğŸ’› #nba #nbatwitter #lakers #lakeshow #lakernation #kobeâ€¦ https://t.co/an9cM1qk0a,,,,,,,,,,,,,,,,,,,,
"The old me would have had fun with this video, #RIPKobe https://t.co/3UOrxgHKHi",,,,,,,,,,,,,,,,,,,,
Still mourning #ripkobe,,,,,,,,,,,,,,,,,,,,
The way he disrespected Kyrie is jus crazy ğŸ˜‚ğŸ˜‚ #MambaMentality #RIPKobe https://t.co/ajucA6IzTI,,,,,,,,,,,,,,,,,,,,
Real hoopers LOVED hearing this convo! ğŸ˜‚ğŸ˜‚ Its what we do all day everyday. We gon talk crazy to each other but it'sâ€¦ https://t.co/duNEnDCLGL,,,,,,,,,,,,,,,,,,,,
DROPPING 81 POINTS IN THE REC #RIPKOBE https://t.co/CIvy4i0eOn via @YouTube,,,,,,,,,,,,,,,,,,,,
Painting in progress Kobe Bryant by @EfrenLuna #CALB #CulturalAllianceofLongBeach #ArtMusicandCulture #AMC #RIPKOBEâ€¦ https://t.co/OsN6b89xV7,,,,,,,,,,,,,,,,,,,,
"T'is Numero 8 Kobe was a wild stallion on floor, one would think ğŸ¤« 2Pac with a jump-shot, even the great NBA coachâ€¦ https://t.co/JXvXBaqyeS",,,,,,,,,,,,,,,,,,,,
"On my new commute to work and I pass Lower Merion High School.

#RIPKobe ğŸ˜­ğŸ˜­ğŸ˜­ğŸ˜­",,,,,,,,,,,,,,,,,,,,
"Shout out to @streetrebirth though! ğŸ”¥
#ripnipsey #ripkobe #streetrebirth #stickers #pins #lakers #kobebryant #tmcğŸâ€¦ https://t.co/SWFlB1p0H0",,,,,,,,,,,,,,,,,,,,
"fuck it i already lost, came in da world a cursed soul, we never get our way in da end, its all a game w the same oâ€¦ https://t.co/DJtwlGY9Id",,,,,,,,,,,,,,,,,,,,
forever #ripkobe https://t.co/0WvGIZ0Xf7,,,,,,,,,,,,,,,,,,,,
Proof that I was repping Mamba WAY BACK #RIPKOBE https://t.co/OvRPmomUeb,,,,,,,,,,,,,,,,,,,,
#TopDadMoments. My daughter yelling â€œKobe!â€ When she throws away trash ğŸ˜¢ #RIPKobe,,,,,,,,,,,,,,,,,,,,
His energetic spirit was truly contagious #RIPKobe https://t.co/wNPjpUNKac,,,,,,,,,,,,,,,,,,,,
"im pretty much underrated at this point...  https://t.co/7qT75s1d0m 
#twitch #twitchaffiliateâ€¦ https://t.co/udVZ5XTkeb",,,,,,,,,,,,,,,,,,,,
"Go check out the new video â€œ Make it Bkâ€ link in the bio.
#newmusicalert #texasmusic #ripkobe #ripnipseyhussleâ€¦ https://t.co/8CNCk9MkrI",,,,,,,,,,,,,,,,,,,,
@hassan47337025 @Lakers @kobebryant When before or A.D.?  I was gonna ask about that letter from the game glad I keâ€¦ https://t.co/cVjtLY6XLP,,,,,,,,,,,,,,,,,,,,
Yet #Shaq carried him. Kobe was always great. #KobeBryant #ripkobe https://t.co/mcNZscqDfk,,,,,,,,,,,,,,,,,,,,
Listen to No Need  (Prod. FlyGuyy) ğŸ¥¶ this one of my fav verses #ripkobe #allthathatinğŸ¥¶ https://t.co/Izm5toOGU0,,,,,,,,,,,,,,,,,,,,
This Aspiring Sneaker Designer's Sketches and Kobe Collection are Pretty... https://t.co/Ces0aLSdGN via @YouTube #RIPKobe,,,,,,,,,,,,,,,,,,,,
The Sole Brothers Nike Kobe Shoe Collection! https://t.co/mvFcwrbKqq via @YouTube #RIPKobe,,,,,,,,,,,,,,,,,,,,
@BPacuku @LennyBuckss Thank you for thatt #ripkobe,,,,,,,,,,,,,,,,,,,,
MY KOBE BRYANT SNEAKER COLLECTION https://t.co/W5XyW75giR via @YouTube #RIPKobe,,,,,,,,,,,,,,,,,,,,
Pacman T is tha name!! #Producer #Networker #LALife #RipWilliam #Director #AdultEntDesigner #RipKobe #RipGiGiBryantâ€¦ https://t.co/Ms2hbppLFX,,,,,,,,,,,,,,,,,,,,
Look what came in today #MombaMentality #RIPKobe https://t.co/xNDckePWHE,,,,,,,,,,,,,,,,,,,,
Interesting that less than 2 months after Kobe was killed...the NBA came to a complete and total shutdown â€œuntil fuâ€¦ https://t.co/yeMU1z0m4W,,,,,,,,,,,,,,,,,,,,
I gave in and got our basic ass jersey this year. Just added a little something extra  to make it nicer ğŸ™â€¦ https://t.co/yK8p2vc7U3,,,,,,,,,,,,,,,,,,,,
"@jXffrXy___ I'm just one dude with an opinion.  Dude dropped 81, and he a legend.  But just not my cupof tea.  #RIPKOBE #Respecttho",,,,,,,,,,,,,,,,,,,,
"The marathon continues ğŸ ##nipseyhussle #ripkobe @ South Los Angeles, California https://t.co/Whj1JnwsT5",,,,,,,,,,,,,,,,,,,,
"Brian McKnight - Hold Me ft. Kobe Bryant https://t.co/tSKjWqKXhQ via @YouTube

On Repeat!!!
#ripkobe",,,,,,,,,,,,,,,,,,,,
Wore 73 with the greatest franchise.. #RIPKobe https://t.co/wiDBe5KrpC,,,,,,,,,,,,,,,,,,,,
#RIPKobe: Vanessa Bryant shares video for Kobe's book series (article): NEGROMANCER 2.0: Remembering #Kobe Bryant:â€¦ https://t.co/6ya1PUuqjm,,,,,,,,,,,,,,,,,,,,
#RIPKobe updates: Vanessa Bryant shares photo of two of her daughters and Kobe's sisters (article): NEGROMANCER 2.0â€¦ https://t.co/iNBJah2jp7,,,,,,,,,,,,,,,,,,,,
"New 30 day goal - 8 Miles of cardio a day
#RIPKobe",,,,,,,,,,,,,,,,,,,,
@ThrowbackHoops Still hurts. The league would have been different. #RIPKOBE,,,,,,,,,,,,,,,,,,,,
"28 , Feels Good ğŸ‰ğŸ‚ğŸ #RIPGiGi #RIPKOBE https://t.co/WR4LObtvb1",,,,,,,,,,,,,,,,,,,,
I feel like kids need a â€œWizenard Series: Training Campâ€ cartoon based off the book!! #RIPKobe,,,,,,,,,,,,,,,,,,,,
"@hoopshype Kobe. 
No more hating on others after he died. #RIPKobe",,,,,,,,,,,,,,,,,,,,
Wish this year was April foolin' us all. #QuarantineLife #RipNip #RipKobe,,,,,,,,,,,,,,,,,,,,
"This is what Kobe Bryant said about Italy ğŸ‡®ğŸ‡¹

ğŸ‘‡ğŸ»
https://t.co/zVDCuu5H2W
â€”

#kobebryant #italy #italystaystrongâ€¦ https://t.co/ybrN296NmT",,,,,,,,,,,,,,,,,,,,
Crenshaw Lakers #RipKobe https://t.co/XjCeseAsUG,,,,,,,,,,,,,,,,,,,,
Literally text nigga shareef th morning he died smh #RIPKobe https://t.co/CSFlbFYDmQ,,,,,,,,,,,,,,,,,,,,
"Mamba Mentality: 

- Having SUPREME CONFIDENCE in your abilities, while also working tirelessly to become the bestâ€¦ https://t.co/YChf83PtVG",,,,,,,,,,,,,,,,,,,,
The marathon continues with a mamba mentality #RIPNIP #RIPKobe,,,,,,,,,,,,,,,,,,,,
4 months into 2020. I'm still waiting for something good to happen this year. January: #RIPKobe February: #COVID19â€¦ https://t.co/r6yb29oyjU,,,,,,,,,,,,,,,,,,,,
"@Troydan cant wait for it

#RIPKobeğŸ”¥ğŸ’›",,,,,,,,,,,,,,,,,,,,
"*Checks receipt for 2020*
*Checks calendar... *
Argggggggghhhhhhhhhh!!! ğŸ˜¤ğŸ˜¤ğŸ˜¤

#2020sucks #norefunds #2020 #trumpâ€¦ https://t.co/qIhiEKxR0X",,,,,,,,,,,,,,,,,,,,
"They gonna find the cure for COVID in Kobe's DNA at the very end of 2020 to save this cursed year. 

Now that'll be clutch.. #RIPKobe ğŸ˜¢",,,,,,,,,,,,,,,,,,,,
Wasn't gonna post theseğŸ˜‚ it's so unfair #bodybagstic #2ktvwow #2kfreeagent #2kCommunity #2kcrewfinder #RIPNIPâ€¦ https://t.co/lw5ZI5HDKT,,,,,,,,,,,,,,,,,,,,
Might wanna tie your ğŸ‘ #bodybagstic #2ktvwow #2kfreeagent #2kCommunity #2kcrewfinder #RIPNIP #RIPKobe ğŸğŸ https://t.co/xKro5MwcGs,,,,,,,,,,,,,,,,,,,,
"Kobe's game had so much grace. Not only was he supremely skilled, but he was so fluid and elegant with his craft. Eâ€¦ https://t.co/jsSuaRcoFa",,,,,,,,,,,,,,,,,,,,
@BobbyMarks42 @wojespn Reminds me of Kobe getting paid twice a year. $24M every six months. #legend #legendstatus #RIPKobe,,,,,,,,,,,,,,,,,,,,
"detilt zone, time to chill #KOUHAIGANG #RIPKOBE&amp;GIGI https://t.co/xvVEMtkUiU",,,,,,,,,,,,,,,,,,,,
Guess he wanted to get buried there â˜ ï¸ğŸ˜¢ğŸ’ªğŸ¿ #bodybagstic #2kfreeagent #2kCommunity #2kcrewfinder #2k20 #RIPNIPâ€¦ https://t.co/J8z8HujyqU,,,,,,,,,,,,,,,,,,,,
New talent in the booth. FLI shyt only. Itz Up FSO #FLIE_BOS #newtalent #stuckinhouse #heat #covid #coronaâ€¦ https://t.co/jyST4z8iV6,,,,,,,,,,,,,,,,,,,,
"New room, new art! #RIPKOBE #LilUziVert #TravisScott #MichaelJackson #AnimalCrossing #ACNH #NintendoSwitch https://t.co/4TBtaO3Zv0",,,,,,,,,,,,,,,,,,,,
The 50 Best Kobe-Inspired NIKEID Designs On Instagram https://t.co/KcytPvfVud via @solecollector #RIPKobe,,,,,,,,,,,,,,,,,,,,
Legends never die #ripnipsey #ripkobe gone but never forgotten,,,,,,,,,,,,,,,,,,,,
This is so special. I just keep watching it over and over. Those electric smiles. Greatness. Legends. #NBA #RIPKobeâ€¦ https://t.co/swwqOyg9Zv,,,,,,,,,,,,,,,,,,,,
NBA TV showing the 1998 All Star Game. Makes me remember I'm old and I remember watching it as a kid. #RIPKobe,,,,,,,,,,,,,,,,,,,,
"Mamba Mentality releases 4/7/20. First single from ""Purple Hearts ğŸ’œ"".  #RIPNipseyHussle #RIPKobe #HipHopâ€¦ https://t.co/S259lnxlvr",,,,,,,,,,,,,,,,,,,,
*LEAKED* NEW KOBE CONTENT COMING IN MYTEAM?? https://t.co/dwjJX34oas #lakeshow #ripkobe #nba2k #ronnie2k @Ronnie2Kâ€¦ https://t.co/5yxVE8z2HN,,,,,,,,,,,,,,,,,,,,
*LEAKED* NEW KOBE CONTENT COMING IN MYTEAM?? https://t.co/dwjJX34oas  #kobe #ripkobe #ronnie2k #myteam #2kcommunity #galaxyopal,,,,,,,,,,,,,,,,,,,,
Let's get Mo Bamba a moments card! 81 points and 12 boards for this beast! #SpotlightSim #RIPKobe @NBA2K_MyTEAMâ€¦ https://t.co/1n1d4TzBtp,,,,,,,,,,,,,,,,,,,,
@TheHoopCentral Looks like shit. Dull as hell. #RIPKOBE #RIPNIP,,,,,,,,,,,,,,,,,,,,
I'm selling a brand new pair of Nike Kobe Bryant Mamba Focus sneakers in the black-purple-gold colorway in SZ 12 onâ€¦ https://t.co/Bxhu15Faqq,,,,,,,,,,,,,,,,,,,,
Its been 1 year since @NipseyHussle has passed.. True Legend #RIPNipseyHussle #RIpKobe https://t.co/BWrkLfRwEE,,,,,,,,,,,,,,,,,,,,
Another one ğŸ¤“ #RIPKobe https://t.co/4fhHEDFOEo,,,,,,,,,,,,,,,,,,,,
Hussle Day! #RIPNIP #RIPKobe #MarathonContinues https://t.co/WWmE2AW1rN,,,,,,,,,,,,,,,,,,,,
I just came home and had to try and model this merch! @kyrahiko it is freakin amazing!!!! The fabric and the designâ€¦ https://t.co/hzJIYPLgGS,,,,,,,,,,,,,,,,,,,,
Matty Ice the ğŸ #RIPKobe https://t.co/xTdHfIBT0G,,,,,,,,,,,,,,,,,,,,
2 Goats. #RipKobe https://t.co/rQk6l83Js1,,,,,,,,,,,,,,,,,,,,
First try ğŸ˜¢ğŸ’” #RIPKobe https://t.co/56K6A3gfmq https://t.co/FUb4fjgBNv,,,,,,,,,,,,,,,,,,,,
My Kobe art tribute to theğŸ #ripkobe #mambamentality #mambaforever https://t.co/FBLroGX71l,,,,,,,,,,,,,,,,,,,,
Mamba ForeverğŸ’›ğŸ’œ I Love TAMPA for this! #RipKobe #RipGiGi https://t.co/5SQk9kErvn,,,,,,,,,,,,,,,,,,,,
"This is awesome. Kobe was such an intense competitor, talking trash in Spanish and ignoring the calm down from LeBrâ€¦ https://t.co/JgME9sYSBV",,,,,,,,,,,,,,,,,,,,
I wish we could go back to Valentines Day and start ALL over again!! #RIPKobe #COVID19,,,,,,,,,,,,,,,,,,,,
LA is still hurting ğŸ–¤ #RIPNipsey #RIPKobe #Legends https://t.co/dpKEw3v18T,,,,,,,,,,,,,,,,,,,,
Bc when @BrendanSchaub was on they talked abt Crying n the Hallway when speaking abt Kobe's Tragic Accidentâ€¦ https://t.co/UXVPvgdn1I,,,,,,,,,,,,,,,,,,,,
@ShowtimeForum On point. #RIPKobe ğŸ’” https://t.co/GWSNtn6sj0,,,,,,,,,,,,,,,,,,,,
https://t.co/4WKkl0OFsm Go check out the new visual from my album â€œDreams of The Sky 2â€ entitled â€œChampionsâ€ ğŸ—£ğŸ’¯ğŸ”¥â€¦ https://t.co/TYBQz1HMhX,,,,,,,,,,,,,,,,,,,,
Two much greatness in one frame!! #RIPKobe ğŸ’œğŸ’›ğŸ’” https://t.co/Du0iO7c4fA,,,,,,,,,,,,,,,,,,,,
DNT make me do it to ya cause I overdue it â˜ ï¸ğŸ’ªğŸ¿ #bodybagstic #2ktvwow #2kfreeagent #2kCommunity #2kcrewfinder #2k20â€¦ https://t.co/cxYuoLl6hO,,,,,,,,,,,,,,,,,,,,
This just don't sit right wit me #LLNIP #RIPKOBE,,,,,,,,,,,,,,,,,,,,
I was not excepting this type of mood swing today... #RIPKobe https://t.co/7r9LqKP5Ut,,,,,,,,,,,,,,,,,,,,
24 today ğŸˆ all i can say is i'm blessed ğŸ™ğŸ½ğŸ¤— #RipKobe #RipNip,,,,,,,,,,,,,,,,,,,,
I luv this video #RipKobe ğŸ’” https://t.co/KIZpuQIqPo,,,,,,,,,,,,,,,,,,,,
"feels like it's been april fools year since Nipsey was murder.. #besafethoğŸ’¯ ğŸ’¯ğŸğŸ’ªğŸ½ğŸ¦¾ 

#ripnipseyhussle #ripkobe 
â€¢
*â€¦ https://t.co/2750aPKt4e",,,,,,,,,,,,,,,,,,,,
The World will never be the same. #RIPNIP #ripkobe #RipGiGi #RIPSELENA #mambaforever ğŸ€ğŸ‘‘ #TMC ğŸğŸ’™ #anythingforselenasâ€¦ https://t.co/IssqBs1tfk,,,,,,,,,,,,,,,,,,,,
"Rest in peace to our dearly departed, Nipsey, Kobe, Gigi and the rest of The 9.

Lord, may You watch over us, for wâ€¦ https://t.co/mXZcKxDV4O",,,,,,,,,,,,,,,,,,,,
I miss Kobe Bryant. #RIPKobe #RIPGianna,,,,,,,,,,,,,,,,,,,,
@TheNBACentral rocking the purple and gold Jordan's too! #RIPKOBE,,,,,,,,,,,,,,,,,,,,
@ad0llasignn Cali lost Pac #RipNip #RIPKobe We stay taking L's ğŸ˜­ğŸ˜­ğŸ˜­,,,,,,,,,,,,,,,,,,,,
"â€œHOLD ON did I just hear someone coughing 6 feet from me?â€ ğŸ¤” 
ğŸ“¸ğŸ”¥: @sharissespieces 

  #staysafe #stay6FeetAwayâ€¦ https://t.co/RMHv70QNEF",,,,,,,,,,,,,,,,,,,,
"I keep ğŸ¤¦â€â™‚ï¸ at these people thinking Lebron is the G.O.A.T. Lebron hasn't passed KOBE,Let alone JORDANğŸ¤·â€â™‚ï¸ ya'll beâ€¦ https://t.co/NMiyoKyC5y",,,,,,,,,,,,,,,,,,,,
"One of my best pieces I ever done
â€œNaybahood Lakerâ€ with one mechanical pencil 

#RipNipseyHussle #RipKobe https://t.co/htx3QBvOOU",,,,,,,,,,,,,,,,,,,,
"ğŸ€ Rest In Peace, Kobe Bryant #8 #24 You are still missed. ğŸ˜­ This doesn't seem real still. ğŸ˜¬ @lakers @kobebryantâ€¦ https://t.co/Du4lf2MKCw",,,,,,,,,,,,,,,,,,,,
Stay focused while you headed to success. #ripkobe https://t.co/WFzvwArpbq,,,,,,,,,,,,,,,,,,,,
Randomly found this in my phone | that time #Kobe relived his 81-point game w/@JalenRose during All-Star weekend inâ€¦ https://t.co/I2HJUbBtL8,,,,,,,,,,,,,,,,,,,,
â€œWinners are Made in times of changeâ€ #RIPKobe https://t.co/jQI45SuWy3,,,,,,,,,,,,,,,,,,,,
My childhood as a Laker fan in one picture. #RIPKobe https://t.co/O8Im2NYVaG,,,,,,,,,,,,,,,,,,,,
@SOLELINKS Copped.ğŸğŸ’œğŸ’› #RIPKobe,,,,,,,,,,,,,,,,,,,,
One of my favorite cards I own!!! #RIPKobe https://t.co/YOGXscgiqS,,,,,,,,,,,,,,,,,,,,
"Stay focused while you headed to success. #ripkobe #nba #pennyhardaway #nba2k #discover #explorepage @ Los Angeles,â€¦ https://t.co/TnVn0NrKQr",,,,,,,,,,,,,,,,,,,,
"This week's guest is @colton_valentine_ 
#streetartist #streetart #streetartistry #graffiti #graffitiart  #ripkobeâ€¦ https://t.co/Adw6TaJFq7",,,,,,,,,,,,,,,,,,,,
24 todayğŸˆ #RIPKobe,,,,,,,,,,,,,,,,,,,,
"ğŸ’œğŸ’›ğŸ’œğŸ’›ğŸ’œğŸ’›ğŸ’œğŸ’›ğŸ’œğŸ’›ğŸ’œğŸ’›
Teachers in our school are putting together a slideshow for our kids. You already know where I look foâ€¦ https://t.co/DVuLu7JHjE",,,,,,,,,,,,,,,,,,,,
Look at these two #RIPKobe #LongLiveMamba https://t.co/Cpke9ls1v5,,,,,,,,,,,,,,,,,,,,
Legendary ğŸ’¯ #ripkobe #mambamentality @kobebryant #michaeljordan #lakers #wizards #nba #tiktok #followforfollowbackâ€¦ https://t.co/q2N5025ugM,,,,,,,,,,,,,,,,,,,,
A year and a day there I was. At peace in my happy place looking forward to the future. Little did I know....â€¦ https://t.co/LSytDgDWX2,,,,,,,,,,,,,,,,,,,,
"Kobe really knew when to close!!!
#RIPKOBE #coronavirus",,,,,,,,,,,,,,,,,,,,
In 2k 21 bring back the 2k17 soundtrack ğŸ¥º#gonnabegoodtimes #RIPKobe,,,,,,,,,,,,,,,,,,,,
"#RIPKOBE #RIPMAMBA ğŸ
#RIPGIGI #MambaMentality #MambaForever 

Beyonce Live Performance - Kobe Bryant Memorial Serviâ€¦ https://t.co/tCWxty5B19",,,,,,,,,,,,,,,,,,,,
"Mamba + Weezy #MambaMondays.
.
.
#weezy #lilwayne #tunechi #mamba ##wayne #kobe
#ripkobe #ripmamba #24
#kobebryantâ€¦ https://t.co/7Cwib3DrQL",,,,,,,,,,,,,,,,,,,,
He was down for @drsebiscellfood &amp; $btc. #Assassinations #revolt #ripkobe #ripdrsebi #ripnip #ripbobmarley ğŸ‘ğŸ§  https://t.co/ZnGogOrWZK,,,,,,,,,,,,,,,,,,,,
@LakersReporter I am currently 21 years old...talk about a tweet that makes me feel like a total loserğŸ˜‚ğŸ™ƒğŸ˜…ğŸ˜¢ #ripkobe,,,,,,,,,,,,,,,,,,,,
2020 1st qtr #Mixtape #HipHop #Music #2020 #2012 #Quarantine #RipKobe #RipNip #RipPopSmoke #CoronaRisingâ€¦ https://t.co/GlhuB3qfhi,,,,,,,,,,,,,,,,,,,,
I'm selling a brand new pair of Nike Kobe Bryant Mamba Focus sneakers in the black-purple-gold colorway in SZ 11 onâ€¦ https://t.co/z10PMASyUk,,,,,,,,,,,,,,,,,,,,
I'm selling a brand new pair of Nike Kobe Bryant AD NXT FF sneakers in the multi-color white colorway in SZ 11 on eâ€¦ https://t.co/d4Ro86lnVE,,,,,,,,,,,,,,,,,,,,
I'm selling a brand new pair of Nike Kobe Bryant AD NXT FF sneakers in the multi-color white colorway in SZ 10.5 onâ€¦ https://t.co/DAt4q5Mecf,,,,,,,,,,,,,,,,,,,,
I'm selling a brand new pair of Nike Kobe Bryant Mamba Focus sneakers in the black-yellow colorway in SZ 12 on eBayâ€¦ https://t.co/0Aw1bXKX6Z,,,,,,,,,,,,,,,,,,,,
I'm selling a brand new pair of Nike Kobe Bryant Mamba Focus sneakers in the red colorway in Size 12 on eBay at:â€¦ https://t.co/kI1JfMqSW7,,,,,,,,,,,,,,,,,,,,
I'm selling a brand new pair of Nike Kobe Bryant Mamba Focus sneakers in the black-purple-gold colorway in SZ 9 onâ€¦ https://t.co/yteBjtKNan,,,,,,,,,,,,,,,,,,,,
I'm selling a brand new pair of deadstock Nike PG 3 Mamba Mentality black-yellow colorway sneakers in Size 12 on eBâ€¦ https://t.co/DDfaEOf9O1,,,,,,,,,,,,,,,,,,,,
I'm selling a brand new pair of Nike Kobe Bryant AD NXT FF sneakers in the off noir-clear colorway in SZ 11 on eBayâ€¦ https://t.co/NliXs6cQe0,,,,,,,,,,,,,,,,,,,,
I'm selling a brand new pair of Nike Kobe Bryant AD NXT FF sneakers in the light pumice-clear colorway in SZ 11 onâ€¦ https://t.co/fSROnun2Ex,,,,,,,,,,,,,,,,,,,,
I'm selling a brand new pair of Nike Kobe Bryant Mamba Focus sneakers in the black-purple-gold colorway in SZ 10.5â€¦ https://t.co/9xSzOf7xoZ,,,,,,,,,,,,,,,,,,,,
I'm selling a brand new pair of Nike Kobe Bryant Mamba Focus sneakers in the blue colorway in SZ 11.5 on eBay at:â€¦ https://t.co/4k3aKVzURr,,,,,,,,,,,,,,,,,,,,
Transitioning from MJ number to Kobe number birth year!... Truly blessed to get here! Grateful especially at theseâ€¦ https://t.co/2VTyQw07Il,,,,,,,,,,,,,,,,,,,,
@Lakers Those were the days...#RIPKobe,,,,,,,,,,,,,,,,,,,,
@ShayokWRLD @LamarHeisman That one time The Goat was bout to slap fye from Nick Young &amp; he wasn't even in the gameâ€¦ https://t.co/Pt7DRrYZTD,,,,,,,,,,,,,,,,,,,,
Iconic sports moment. I was 8 years old and remember exactly where I was listening to the game in the backyard becaâ€¦ https://t.co/BVEQxZuxgN,,,,,,,,,,,,,,,,,,,,
animal cross and chill #KOUHAIGANG #RIPKOBE&amp;GIGI https://t.co/xvVEMtkUiU,,,,,,,,,,,,,,,,,,,,
Suddenly feeling a little better about the zombie apocalypse. #RipKobe https://t.co/3Wmdygwetz,,,,,,,,,,,,,,,,,,,,
@Lakers @SHAQ @SpectrumSN @shaq said that he was pointing in the stands to a young @SSJreef after that one.... #Classic #RIPKobe,,,,,,,,,,,,,,,,,,,,
The joy on Kobe's face seconds before the final buzzer. ğŸ˜¢ #RIPKobe #LakeShow2000,,,,,,,,,,,,,,,,,,,,
GOATS ğŸ˜¢ #RipKobe https://t.co/RxxGRENZpB,,,,,,,,,,,,,,,,,,,,
"Kobe fans. This mural is on 7th st and Sheridan! Way to go Phoenix, it's about time! and to the artist who did itâ€¦ https://t.co/F8He2xmoJE",,,,,,,,,,,,,,,,,,,,
"still on lockdown till April 30th... this sucks! https://t.co/7qT75s1d0m
#twitch #twitchaffiliateâ€¦ https://t.co/s1rsBKCz6I",,,,,,,,,,,,,,,,,,,,
Check out what I just added to my closet on Poshmark: Kobe Bryant celebrating hoodie #ripkobe.â€¦ https://t.co/9Hvhv74Zl2,,,,,,,,,,,,,,,,,,,,
That A.I. team is by far the most terrible team on this list and my son stillllll manage to win 1 game against Shaqâ€¦ https://t.co/JaPjVQhyxH,,,,,,,,,,,,,,,,,,,,
"Reposted from kobe.mxy ğŸ†
_
_
#kobe #kobebryant #kobe4life #legend #mambamentality #mambaforever #nba #ripkobeâ€¦ https://t.co/s0IZAi5UHd",,,,,,,,,,,,,,,,,,,,
"Classic Kobe McDonalds commercial! 
.
.
.
.
#kobebryant #theblackmamba #bean #thejordanremix #halloffamerâ€¦ https://t.co/rCM3ozUQ5C",,,,,,,,,,,,,,,,,,,,
"Add Thrillythrowbacks On INSTAGRAM DM US 
  https://t.co/gG3tlXeO7Y

#Thrillythrowbacks #thrillythrowbacksâ„¢ï¸ #kobeâ€¦ https://t.co/IospgoC7LY",,,,,,,,,,,,,,,,,,,,
@ShadowKyrie Dont miss like the Bean. #RIPKOBEğŸğŸ‘‘ https://t.co/MGRIdp2w62,,,,,,,,,,,,,,,,,,,,
"@wNeiluj Use these 4 codes.
#ripkobe #ACNHDesigns https://t.co/ijOGOwX23H",,,,,,,,,,,,,,,,,,,,
"Kobe 4 frame pixel art.
Use these 4 codes.

#kobe #ripkobe #nba #lakers #AnimalCrossing #ACNH #ã©ã†ã¶ã¤ã®æ£® https://t.co/YpHc08iUf7",,,,,,,,,,,,,,,,,,,,
@KSIOlajidebt your song is fucking shit https://t.co/niqRLVoHkO this is way better #ripkobe,,,,,,,,,,,,,,,,,,,,
"Yooo I just spiked my own drink with euphonium. Now I speak â€œğŸ–ğŸ½â€ ahh. Never keep the test tubes so close together,â€¦ https://t.co/zLJeE596A7",,,,,,,,,,,,,,,,,,,,
"ğŸ”¥ğŸ”¥ğŸ”¥ğŸ”¥ğŸ¥º
Respect bruv
#RIPKobe https://t.co/CIw3WllJ0S",,,,,,,,,,,,,,,,,,,,
@TheHoopCentral Steph be giving everybody bucketsğŸ˜‚ğŸ˜‚ This was a dope moment. #RipKobe,,,,,,,,,,,,,,,,,,,,
Lotta debate about who was/is the GOAT.. only @kobebryant played his entire career for the franchise that got him;â€¦ https://t.co/8jVX9biYjg,,,,,,,,,,,,,,,,,,,,
"I felt the pain all over again, lmaooooo. #ripkobe â˜¹ï¸ https://t.co/LLBNYmorIE",,,,,,,,,,,,,,,,,,,,
For Kobe #RIPKobe #PS4share https://t.co/DKds6PbQrn,,,,,,,,,,,,,,,,,,,,
"Kobe, Kenny, now Joe- I can't do this much longer 2020. #RIPKobe #RIPKennyRogers #RIPJoeDiffie https://t.co/ghNI3NzBtA",,,,,,,,,,,,,,,,,,,,
Ever since Kobe left everything went left smh ğŸ¤¦ğŸ½â€â™‚ï¸ğŸ’” #ripkobe,,,,,,,,,,,,,,,,,,,,
"ğŸ’¯% accurate! ğŸ˜¬
#ripkobe #Covid_19 https://t.co/xVF3IZh78n",,,,,,,,,,,,,,,,,,,,
#RIPKOBE #RIPCHRISKYLE I do this for y'all.  I'm in quarantine mode https://t.co/cOl1pCosRS,,,,,,,,,,,,,,,,,,,,
How many you count under the rim ?ğŸ’ªğŸ¿ #bodybagstic #2ktvwow #2kfreeagent #2kCommunity #2kcrewfinder #2k20 #ripkobe ğŸğŸ https://t.co/jkNknZ0nP5,,,,,,,,,,,,,,,,,,,,
U to close stay 6' below me #quarantinestic #bodybagstic #2ktvwow #2kfreeagent #2kCommunity #2kcrewfinder #2ktvâ€¦ https://t.co/tAmR72EFY6,,,,,,,,,,,,,,,,,,,,
Ty lou gotta get out the way! That's why iverson stepped over u bro! Trashcan! #RIPKOBE https://t.co/AamnwNR0qc,,,,,,,,,,,,,,,,,,,,
"Kobe Bryant's 4-game 50-point streak was a decade ago this week - https://t.co/LBBRZF3vMe

#RIPKobe ğŸ’œğŸ’› https://t.co/qO4d63SFCz",,,,,,,,,,,,,,,,,,,,
"The devil is a lie!!! ğŸ˜‚ğŸ˜‚ğŸ˜‚ 
2020 been a angry bitch tho smh ğŸ˜Ÿ
#TheyMakeBeats

 #ripkobe #rippopsmoke @ Houston, Texas https://t.co/0nTCWn8dLb",,,,,,,,,,,,,,,,,,,,
@kanye_west_son @ContentNBA @Rondo_gh @AcquahMonneyJnr @_Jvrvis @59Pixelss @MyersTheBloke @myers_dapper @seykart09â€¦ https://t.co/UOfWUIkW2g,,,,,,,,,,,,,,,,,,,,
I found @ramonashelburne's @espn article regarding the @NBA's response to the #coronavirus pandemic to be extremelyâ€¦ https://t.co/6H5szoyanP,,,,,,,,,,,,,,,,,,,,
Damn when Joyner Lucas said â€œAin't nothing worst then losing your hero and couldn't say bye.â€ I felt that #RIPKOBEâ€¦ https://t.co/lLA7s1blCN,,,,,,,,,,,,,,,,,,,,
It really doesğŸ˜¢ğŸ˜¢ #RipKobe https://t.co/cQjzUASRqA,,,,,,,,,,,,,,,,,,,,
"New week. Same grind. Let's go!
Team USA
K o b e  B r y a n t
#mambamondays
#mambamentality
.
.
Â© Chris Elise/NBAEâ€¦ https://t.co/qMAGfeBO1h",,,,,,,,,,,,,,,,,,,,
@Lakers Y'all gon make the Black Mamba jerseys permanent in tribute to Kobe like the whites are permanent in tributâ€¦ https://t.co/kI1fcZPIu3,,,,,,,,,,,,,,,,,,,,
@forumbluegold Loved this dude #ripkobe,,,,,,,,,,,,,,,,,,,,
Everyone's reaction on the bench ğŸ˜‚ #RIPKobeBryant #ripkobe #ripgigi https://t.co/OQKgGy7IdH,,,,,,,,,,,,,,,,,,,,
Kobe was about to snatch the hell out Artest ğŸ¤£ #RIPKOBE ğŸ•Š https://t.co/PbjLR5J7EO,,,,,,,,,,,,,,,,,,,,
"The utter insanity that #2020 has dumped on us. Sadly, this seems like 1,000 years ago now #RIPKobe https://t.co/gvEaiYPh9x",,,,,,,,,,,,,,,,,,,,
"Happy Monday Basketball World!!  

New Week, New Opportunities!!

Let's get BETTER!!

#RIPKOBE #RIPMIKEMIKE #RIPGRANDMA",,,,,,,,,,,,,,,,,,,,
"It is #mambamondays  ğŸ’›ğŸ’œğŸğŸ€  

Click the link in our bio and see our latest video Honoring the Legendary Kobe and Giaâ€¦ https://t.co/KKCFrsiv95",,,,,,,,,,,,,,,,,,,,
Made one for the man himself #ripkobeğŸ™ https://t.co/fW8vJOvkjG,,,,,,,,,,,,,,,,,,,,
Whatever vanilla ice follow up song was cause this shit weak asf #ripkobe n ğŸ–•ğŸ¾#coronavirus https://t.co/p2I9HyhCVg,,,,,,,,,,,,,,,,,,,,
Truly captivated by this book. I've already read it twice in 2 days. About to start it again. A good friend made meâ€¦ https://t.co/aRH8b7IUdd,,,,,,,,,,,,,,,,,,,,
No cap #houston #RipKobe https://t.co/qQLebftEBC,,,,,,,,,,,,,,,,,,,,
"@Lakers Versus @LAClippers March 6th, 2000. @SHAQ 61pts Career High On His 28th Birthday #RipKobe â™¥ï¸ğŸ™ŒğŸ€ #Lakersâ€¦ https://t.co/j4gJHGielG",,,,,,,,,,,,,,,,,,,,
"still on lockdown till April 30th... this sucks  https://t.co/7qT75s1d0m
#twitch #twitchaffiliateâ€¦ https://t.co/dHUrvIRhgR",,,,,,,,,,,,,,,,,,,,
I still can't believe Kobe's gone. #RipKobe ğŸ’›ğŸ’œ,,,,,,,,,,,,,,,,,,,,
Out here feeling like Kobe. #RipKobe #2k #LakerNation #XboxOne https://t.co/vvHe7f61qJ,,,,,,,,,,,,,,,,,,,,
My sister just told me that if coronavirus was a thing 2 months ago then Kobe would have lived. I don't think she hâ€¦ https://t.co/XTNyoBrjA8,,,,,,,,,,,,,,,,,,,,
"Here it is, my tribute for one of the greatest basketball players I've ever seen. 
Follow me on IG to see the progrâ€¦ https://t.co/j1IQqygfM7",,,,,,,,,,,,,,,,,,,,
We done fucked up and let kobe die and y'all thought we was just gon go on in life without Kobe peacefully?! Yea right #RIPKOBE,,,,,,,,,,,,,,,,,,,,
I just taught my 8 year old cousin that kids his age can't dribble with their left hand. He's going for 63 next game #RIPKobe,,,,,,,,,,,,,,,,,,,,
This true? #ripkobe https://t.co/pioX6mvKOK,,,,,,,,,,,,,,,,,,,,
It's really been two months already. #RIPMAMBA #RipKobe https://t.co/gkw0d5bWlT,,,,,,,,,,,,,,,,,,,,
"We miss you! ğŸ’œğŸ’›ğŸ’”
#Kobe #RIPKobe #Lakers #MambaMentality #BenWallace
https://t.co/wdmXUFxols",,,,,,,,,,,,,,,,,,,,
@Teamball17 â€œsTeP bAcK 3â€ whatever dawgğŸ˜‚ #ripkobe,,,,,,,,,,,,,,,,,,,,
@1young_king5 step back 3 kilt em i seen it in yo face #ripkobe,,,,,,,,,,,,,,,,,,,,
Cleaning my room and havent touched my ps4 in a year... Found this old gem and got emotional af last night #RIPKOBEâ€¦ https://t.co/pqzjLDOW0g,,,,,,,,,,,,,,,,,,,,
Waiting to get back to where we left off! #lakers #lakersnation #ripkobe #kobebryant #champions #la #lebron #espnâ€¦ https://t.co/6HiYonJqcS,,,,,,,,,,,,,,,,,,,,
Also they just showed Kobe ğŸ˜” .. what a f'n tragedy..I miss Kobe .. still can't believe it .. #RIPKobe&amp;Gianna and alâ€¦ https://t.co/IOxTe5UFd1,,,,,,,,,,,,,,,,,,,,
BRO FUCK ANYONE WHO DID THIS. ITS DEAD ASS NOTBTHAT SERIOUS. #RIPKOBE https://t.co/mHlD8RCdy2,,,,,,,,,,,,,,,,,,,,
"Let me just say that so far, not even HALFWAY in, 2020 is the WORST year of my LIFE! IDK if I'll live to see 21, buâ€¦ https://t.co/MDR3l3ywBH",,,,,,,,,,,,,,,,,,,,
@MANOMAGlC Thanks bro #ripkobe,,,,,,,,,,,,,,,,,,,,
After washing your hands pay respect to the Great Kobe Bryant! #RipKobe #Covid_19 #StaySafe https://t.co/pQ15e15en0,,,,,,,,,,,,,,,,,,,,
NO THEY DIDNT I PASS THIS EVERYDAY ON MY WAY TO WORK THE RAIN BROUGHT THE KOBE ONE DOWN SO THEY REPLACED IT WITH Aâ€¦ https://t.co/TDHeesKahA,,,,,,,,,,,,,,,,,,,,
Jumping on the bandwagon ğŸ’¯ #MambaMentality #RIPKobe https://t.co/i2BasM7Bnm,,,,,,,,,,,,,,,,,,,,
@BeeNiiceeToYah #RIPKOBE you already know bro,,,,,,,,,,,,,,,,,,,,
This my Mamba Year #24 ğŸ #RIPKobe #RipGigi ğŸ’›ğŸ’œ,,,,,,,,,,,,,,,,,,,,
"Disappear like the smoke reappeared as the GOAT ğŸ¤ğŸ¾
#RipKobe",,,,,,,,,,,,,,,,,,,,
"Still not ok that he's gone. ğŸ’œğŸ’›ğŸ’œ
#blackmamba #RipKobe #LakersNation https://t.co/t4wRnn5o4X",,,,,,,,,,,,,,,,,,,,
Virtual Kobe Bryant attended our team's practice and the very next game I dropped 81 points in his honor!â€¦ https://t.co/cwyKLkTYh0,,,,,,,,,,,,,,,,,,,,
"Track actually helps with their speed and endurance as well as other fundamentals, for example, our jumping events.â€¦ https://t.co/SnGpTJ8h8P",,,,,,,,,,,,,,,,,,,,
I still can't believe this even months after it happened #RipKobe,,,,,,,,,,,,,,,,,,,,
"Kobe 9 ""what the"" my dream shoes:((
#RipKobe",,,,,,,,,,,,,,,,,,,,
ğŸš¨ATTENTION PLAYERSğŸš¨ What's your alternative? A small % of players make it to the pro level! It's never to early toâ€¦ https://t.co/4mNSxBIDWc,,,,,,,,,,,,,,,,,,,,
@SOULbeautifulme Kobe back2back was the best just cause he proved he didn't need Shaq but as true lakers fan idc boâ€¦ https://t.co/xnzQpGtrpM,,,,,,,,,,,,,,,,,,,,
"Going to sit back and appreciate this read. We are all going to need this right now.
#mambamentality #mambaforeverâ€¦ https://t.co/hv80o9UPFO",,,,,,,,,,,,,,,,,,,,
#HowThingsAreMade? Air prints on grass?  Have to admit that's a new #Technology I have not heard of before. (Cheddaâ€¦ https://t.co/VjIGQONFDk,,,,,,,,,,,,,,,,,,,,
@tharealdarwin I was the first one to tell you he died that one day at Sprint. #RIPKOBE ğŸ https://t.co/L2iP4ovvue,,,,,,,,,,,,,,,,,,,,
random night stream #KOUHAIGANG #RIPKOBE&amp;GIGI https://t.co/xvVEMtkUiU,,,,,,,,,,,,,,,,,,,,
"#Repost wmjshow
â€¢  â€¢  â€¢  â€¢  â€¢
Michael Jordan knows there is going to be a new crying meme coming. #ripkobeâ€¦ https://t.co/Wr4Ofr4Csk",,,,,,,,,,,,,,,,,,,,
Road warrior #RIPKOBE #RIPGIGI #PS4share https://t.co/5nSpzF0J54,,,,,,,,,,,,,,,,,,,,
If kobe ain't in your top 2 or 3. You on that dust #RIPKOBE https://t.co/JMFX3BveYE,,,,,,,,,,,,,,,,,,,,
Happy Anniversary to a real one... ME!! 3/29/83 !! 2020 put us all to the test but we gonna come out on the other sâ€¦ https://t.co/J2vMgULc32,,,,,,,,,,,,,,,,,,,,
Cavs vs Lakers 2009. #RipKobe ğŸ–¤ğŸ,,,,,,,,,,,,,,,,,,,,
#RIPKobe Kobe Year https://t.co/w0GVIKirTB,,,,,,,,,,,,,,,,,,,,
Courtside Kobe highlight clips are amazing but when it's in slow motion it's special ğŸ¤¯ğŸğŸ”¥ğŸ’¯#RIPKobe #LakeShowâ€¦ https://t.co/a1FxhALB8q,,,,,,,,,,,,,,,,,,,,
Kobe showed no mercy on his opponents even at 19ğŸ˜¤ğŸ¤¬ğŸ’¯(via @Lakers) #NBA #LakeShow #RIPKobe https://t.co/8s0rsSx9dT,,,,,,,,,,,,,,,,,,,,
"@Lakers All this because Jordan told Kobe, â€œYou can't fit in my shoesâ€

#RIPKobe",,,,,,,,,,,,,,,,,,,,
"All this because Jordan told Kobe, â€œYou can't fit in my shoesâ€

#RIPKobe https://t.co/0x1OlZROzm",,,,,,,,,,,,,,,,,,,,
"still on lockdown so why not join https://t.co/7qT75s1d0m
#twitch #twitchaffiliate #callofdutymodernwarfareâ€¦ https://t.co/W83QKtsFtX",,,,,,,,,,,,,,,,,,,,
@hoopsdepartment Give a nigga chills mane smh #RIPKOBE,,,,,,,,,,,,,,,,,,,,
"@Cascadia_Goose @Cougsky Only the first 6"" were consensual. 

#RIPKobe",,,,,,,,,,,,,,,,,,,,
Oh wow!! Didn't know the Dream produced â€œXOâ€ #RIPKobe #MambaForever ğŸ’œğŸ’›,,,,,,,,,,,,,,,,,,,,
XO two nights in a row; they're killing me. #RIPKobe ğŸ¥º,,,,,,,,,,,,,,,,,,,,
Nothing has me thinking these â€œpsychicsâ€ are full of it more than 2020. #ripkobe #quarintinelife,,,,,,,,,,,,,,,,,,,,
I bought a $300 Kobe Jersey just to hang next to my other Kobe Jersey. #RipKobe ğŸ,,,,,,,,,,,,,,,,,,,,
New tattoo dedicated to the GOAT ğŸ. R.I.P legend. ğŸ™ğŸ». #kobe #kobebryant #kobebryant24 #tattoo #kobetattooâ€¦ https://t.co/bXXwPS3p5U,,,,,,,,,,,,,,,,,,,,
I love me some #MJ but @kobebryant did it better &amp; with 1 hand (left). #RipKobe https://t.co/5L6R4lzzDh,,,,,,,,,,,,,,,,,,,,
@Lakers Kobe wearing @Jumpman23 in the @Lakers colorway is perfection! #RIPKobe,,,,,,,,,,,,,,,,,,,,
lil bit of quarantine art #ripkobe https://t.co/Q5VBNdHVTj,,,,,,,,,,,,,,,,,,,,
@TheHoopCentral Two GREATS !!! @drose @kobebryant #RIPKOBE,,,,,,,,,,,,,,,,,,,,
@LD2K @CashNastyGaming One of him is already unstoppable but two? GG #RIPKobe https://t.co/iqtUzaCeu4,,,,,,,,,,,,,,,,,,,,
@Lakers Two laker legends #RipKobe #RipChick,,,,,,,,,,,,,,,,,,,,
MY YOUNG BULL DROPPED!!! DROPPING 81 POINTS IN THE REC #RIPKOBE https://t.co/CIvy4ihQcX via @YouTube,,,,,,,,,,,,,,,,,,,,
DROPPING 81 POINTS IN THE REC #RIPKOBE https://t.co/YMQAIuEiMX via @YouTube,,,,,,,,,,,,,,,,,,,,
"It was at this moment, you knew this kid was going to be something.  #RIPKobe #RIPGigi https://t.co/82F7KGoxLQ",,,,,,,,,,,,,,,,,,,,
No doubtsğŸ”¥ #KobeBryant #kobe #Ripkobe #StayAtHomeAndStaySafe #CoronaLockdown #SaturdayThoughts #SaturdayMotivationâ€¦ https://t.co/MWVM0XwmTT,,,,,,,,,,,,,,,,,,,,
I see y'all shining down on us! #RipKobe #RipGigi #RipNip ğŸ•ŠğŸâ™¾ğŸ¦‹,,,,,,,,,,,,,,,,,,,,
When you recruit the high school basketball players to be on the team.  #TrackNation #RipKobe https://t.co/9Z5svFwvbf,,,,,,,,,,,,,,,,,,,,
I made a throwback Kobe jersey and cap #AnimalCrossing #ACNH #NintendoSwitch #ripkobe https://t.co/pnOokPj3d3,,,,,,,,,,,,,,,,,,,,
"#Lakeshow, #RIPKobe, it's so surreal https://t.co/yrfEXUpOFq",,,,,,,,,,,,,,,,,,,,
"Ha, speak of the Mamba, 17 yrs ago today.  8 gave em 42 in the 1st half. #MambaForever #RIPKobeâ€¦ https://t.co/3Q7mDOSe8R",,,,,,,,,,,,,,,,,,,,
My painting of Kobe Bryant ğŸ˜„ #ripkobe ğŸ™ğŸ¼ https://t.co/2HbKd6zBqe,,,,,,,,,,,,,,,,,,,,
COME VIBE W ME #KOUHAIGANG #RIPKOBE&amp;GIGI https://t.co/xvVEMtkUiU,,,,,,,,,,,,,,,,,,,,
"For more videos follow ğŸ‘‰ğŸ€4squareleak 
#newyork #belgrade #gigi #dubai #srbija #24 #mambaout #kobeandgigiâ€¦ https://t.co/64kSHuUyYb",,,,,,,,,,,,,,,,,,,,
â€œSometimes there are no words... just real conversations with god..ğŸ™ğŸ½ğŸ’”... never forgotten #ripnip #ripkobeâ€¦ https://t.co/sFx7a9r5y1,,,,,,,,,,,,,,,,,,,,
@Ballislife Hated all the makeup on Kobe. #RipKobeğŸ•Š,,,,,,,,,,,,,,,,,,,,
It feels like a whole lifetime since Kobe passed. It's only been a month. I'm tired.ğŸ˜” #ripnip #ripkobe https://t.co/RhI5V6niEf,,,,,,,,,,,,,,,,,,,,
"For more videos follow ğŸ‘‰ğŸ€4squareleak 
#4squareleak #newyork #belgrade #gigi #dubai #srbija #24 #mambaoutâ€¦ https://t.co/AyC74N5Ipl",,,,,,,,,,,,,,,,,,,,
Don't let none of this distract you from the marathon still continues and mamba mentality lives forever #ripkobe #ripnip,,,,,,,,,,,,,,,,,,,,
"For more videos follow 4squareleak 
#4squareleak #newyork #belgrade #gigi #dubai #srbija #24 #mambaout #kobeandgigiâ€¦ https://t.co/OR864Ubv5v",,,,,,,,,,,,,,,,,,,,
"For more videos follow ğŸ‘‰4squareleak 
#4squareleak #newyork #belgrade #gigi #dubai #srbija #24 #mambaoutâ€¦ https://t.co/RXjGEN2tK2",,,,,,,,,,,,,,,,,,,,
#ripnip #ripkobe one of the greatest ever,,,,,,,,,,,,,,,,,,,,
"Listen,

I'm having a whole bday party for myself at the crib. Grabbed a cake, ice cream, balloons, bday hat, HBD bâ€¦ https://t.co/JVEpRbFbua",,,,,,,,,,,,,,,,,,,,
#ripnip #ripkobe  still hurts .. gone too soon ğŸ’™ğŸ https://t.co/N6aGEuB4PU,,,,,,,,,,,,,,,,,,,,
Rip Nip and Kobe #NipseyHussle #ripnip #Kobe #ripkobe ğŸ™ https://t.co/7m7VbCp5B4,,,,,,,,,,,,,,,,,,,,
"It's been a year already?!? We lost 2 greats to the culture, but their families &amp; close friends lost so much more.â€¦ https://t.co/FCbWA3rWkG",,,,,,,,,,,,,,,,,,,,
"For more videos follow ğŸ‘‰4squareleak 
#4squareleak #newyork #belgrade #gigi #dubai #srbija #24 #mambaoutâ€¦ https://t.co/UI0SRZyy4W",,,,,,,,,,,,,,,,,,,,
"For more videos follow ğŸ‘‰4squareleak 
#4squareleak #newyork #belgrade #gigi #dubai #srbija #24 #mambaoutâ€¦ https://t.co/G3cGtEudCL",,,,,,,,,,,,,,,,,,,,
LEGENDS NEVER DIE they LIVE FOREVER... #RipKobe #MambaMentality #RipNip #TheMarathonContinues https://t.co/dKymZ9A8fR,,,,,,,,,,,,,,,,,,,,
"One of my best pieces I've ever done 
â€œNaybahood Lakerâ€

#RipNip #RIPKobe https://t.co/NTTaubkulJ",,,,,,,,,,,,,,,,,,,,
Still Can't Believe They're Gone! 2020 Has Been One Long Bad DreamğŸğŸ’œğŸ’› #ripkobe #ripgigi https://t.co/NnrMFhnqr1,,,,,,,,,,,,,,,,,,,,
Tik tok Kobe's daughter gianaa bryant with Vanessa bryant and team mamba... https://t.co/cY6luQHPDO via @YouTube #ripkobe #RIPGIGI,,,,,,,,,,,,,,,,,,,,
That's for all the great lessons. It's only been a year but it still feels like yesterday. #Ripnip #Ripkobe https://t.co/sV98tt3SHc,,,,,,,,,,,,,,,,,,,,
KOBE!!! Attacking this quarantine with the Mamba Mentality. #ripkobe #KOBEEEE #mambamentality #8 #24 #goatâ€¦ https://t.co/F4q1RM4yfx,,,,,,,,,,,,,,,,,,,,
January 26 was the first confirmed case of the Corona Virus in LA County. Same exact day Kobe died. Worst day in thâ€¦ https://t.co/nhR0BJmh0Q,,,,,,,,,,,,,,,,,,,,
Ok #ripkobe â¤ but I'm sorry I'm picking #2 and kicking that dumbass kanye out omm https://t.co/THUTbVlMoA,,,,,,,,,,,,,,,,,,,,
I really miss Kobe man......... ğŸ’œğŸ’› ğŸ 8 ğŸ 24 #NBA #NBATwitter #LakerNation #LakeShow #Kobe #KobeBryant #RIPKobe,,,,,,,,,,,,,,,,,,,,
"Just watched 3 random episodes of Deal and No Deal

And ALL 3 episodes the #24 case was the Million dollars 

#RIPKobe",,,,,,,,,,,,,,,,,,,,
"Nah fam, I hate it here. Fuck 2020. #WW3Scare #ripkobe #coronavirus https://t.co/XjwEhn0OAF",,,,,,,,,,,,,,,,,,,,
"@KendrickPerkins @stephenasmith @Espngreeny All he said is ""reminds"". Y'all act like the brotha called him the 2ndâ€¦ https://t.co/2YjIcxzmbG",,,,,,,,,,,,,,,,,,,,